,closeTime,open,close,high,low,volume
0,1632178919999,0.92570000,0.92540000,0.92590000,0.92370000,169181.00000000
