,closeTime,open,close,high,low,volume
0,1632285479999,513.00000000,513.00000000,513.00000000,513.00000000,0.17300000
