,closeTime,open,close,high,low,volume
0,1632196859999,537.80000000,538.20000000,538.20000000,537.80000000,8.89400000
