,closeTime,open,close,high,low,volume
0,1632262799999,518.10000000,518.30000000,518.50000000,518.00000000,20.52100000
