,closeTime,open,close,high,low,volume
0,1632262799999,41505.73000000,41547.53000000,41564.18000000,41505.49000000,11.07869000
