,closeTime,open,close,high,low,volume
0,1632285479999,41943.07000000,41943.27000000,41948.59000000,41943.07000000,0.19706000
