,closeTime,open,close,high,low,volume
0,1632196859999,42683.02000000,42637.74000000,42714.77000000,42628.01000000,16.91705000
