,closeTime,open,close,high,low,volume
0,1632196859999,2998.79000000,2997.51000000,3001.61000000,2996.11000000,163.79730000
