,closeTime,open,close,high,low,volume
0,1632285479999,2844.23000000,2844.24000000,2844.45000000,2844.22000000,3.80430000
