,closeTime,open,close,high,low,volume
0,1632262799999,2819.39000000,2829.29000000,2831.25000000,2818.38000000,388.01900000
