,closeTime,open,close,high,low,volume
0,1632196859999,159.50000000,159.30000000,159.60000000,159.30000000,180.24700000
