,closeTime,open,close,high,low,volume
0,1632285479999,150.40000000,150.40000000,150.40000000,150.40000000,1.38500000
