,closeTime,open,close,high,low,volume
0,1632262799999,152.00000000,152.00000000,152.10000000,151.90000000,69.55600000
