,closeTime,open,close,high,low,volume
0,1632285479999,0.91160000,0.91160000,0.91170000,0.91160000,2514.00000000
