,closeTime,open,close,high,low,volume
0,1632196859999,0.94760000,0.94720000,0.95000000,0.94710000,160677.00000000
