,closeTime,open,close,high,low,volume
0,1632262799999,0.90060000,0.90300000,0.90330000,0.90060000,150937.00000000
